"ï..COU","Country","FREQ","Frequency","MEAS","Measure","X_TIME_","Year","Value","Flag.Codes","Flags"
"AUS","Australia","A","Annual","PCT","Percentage of employees with the right to bargain",1960,1960,92,NA,NA
"AUS","Australia","A","Annual","PCT","Percentage of employees with the right to bargain",1963,1963,90.7,NA,NA
"AUS","Australia","A","Annual","PCT","Percentage of employees with the right to bargain",1968,1968,88.3,NA,NA
"AUS","Australia","A","Annual","PCT","Percentage of employees with the right to bargain",1974,1974,85.4,NA,NA
"AUS","Australia","A","Annual","PCT","Percentage of employees with the right to bargain",1980,1980,84.3,NA,NA
"AUS","Australia","A","Annual","PCT","Percentage of employees with the right to bargain",1985,1985,83.4,NA,NA
"AUS","Australia","A","Annual","PCT","Percentage of employees with the right to bargain",1990,1990,77.3,NA,NA
"AUS","Australia","A","Annual","PCT","Percentage of employees with the right to bargain",1998,1998,60,NA,NA
"AUS","Australia","A","Annual","PCT","Percentage of employees with the right to bargain",2000,2000,60,NA,NA
"AUS","Australia","A","Annual","PCT","Percentage of employees with the right to bargain",2002,2002,58.7,NA,NA
"AUS","Australia","A","Annual","PCT","Percentage of employees with the right to bargain",2004,2004,60.9,NA,NA
"AUS","Australia","A","Annual","PCT","Percentage of employees with the right to bargain",2006,2006,60.2,NA,NA
"AUS","Australia","A","Annual","PCT","Percentage of employees with the right to bargain",2008,2008,56.3,NA,NA
"AUS","Australia","A","Annual","PCT","Percentage of employees with the right to bargain",2010,2010,59.5816095542893,NA,NA
"AUS","Australia","A","Annual","PCT","Percentage of employees with the right to bargain",2012,2012,58.0653556668298,NA,NA
"AUS","Australia","A","Annual","PCT","Percentage of employees with the right to bargain",2014,2014,59.913727787936,NA,NA
"AUS","Australia","A","Annual","PCT","Percentage of employees with the right to bargain",2016,2016,59.1554153937124,NA,NA
"AUT","Austria","A","Annual","PCT","Percentage of employees with the right to bargain",1960,1960,95,NA,NA
"AUT","Austria","A","Annual","PCT","Percentage of employees with the right to bargain",1965,1965,95,NA,NA
"AUT","Austria","A","Annual","PCT","Percentage of employees with the right to bargain",1970,1970,95,NA,NA
"AUT","Austria","A","Annual","PCT","Percentage of employees with the right to bargain",1976,1976,95,NA,NA
"AUT","Austria","A","Annual","PCT","Percentage of employees with the right to bargain",1980,1980,95,NA,NA
"AUT","Austria","A","Annual","PCT","Percentage of employees with the right to bargain",1985,1985,95,NA,NA
"AUT","Austria","A","Annual","PCT","Percentage of employees with the right to bargain",1990,1990,98,NA,NA
"AUT","Austria","A","Annual","PCT","Percentage of employees with the right to bargain",1995,1995,98,NA,NA
"AUT","Austria","A","Annual","PCT","Percentage of employees with the right to bargain",2000,2000,98,NA,NA
"AUT","Austria","A","Annual","PCT","Percentage of employees with the right to bargain",2005,2005,98,NA,NA
"AUT","Austria","A","Annual","PCT","Percentage of employees with the right to bargain",2008,2008,98,NA,NA
"AUT","Austria","A","Annual","PCT","Percentage of employees with the right to bargain",2010,2010,98,NA,NA
"AUT","Austria","A","Annual","PCT","Percentage of employees with the right to bargain",2013,2013,98,NA,NA
"AUT","Austria","A","Annual","PCT","Percentage of employees with the right to bargain",2014,2014,98,NA,NA
"AUT","Austria","A","Annual","PCT","Percentage of employees with the right to bargain",2015,2015,98,NA,NA
"AUT","Austria","A","Annual","PCT","Percentage of employees with the right to bargain",2016,2016,98,NA,NA
"BEL","Belgium","A","Annual","PCT","Percentage of employees with the right to bargain",1960,1960,80,NA,NA
"BEL","Belgium","A","Annual","PCT","Percentage of employees with the right to bargain",1965,1965,80,NA,NA
"BEL","Belgium","A","Annual","PCT","Percentage of employees with the right to bargain",1970,1970,85,NA,NA
"BEL","Belgium","A","Annual","PCT","Percentage of employees with the right to bargain",1974,1974,88,NA,NA
"BEL","Belgium","A","Annual","PCT","Percentage of employees with the right to bargain",1975,1975,90,NA,NA
"BEL","Belgium","A","Annual","PCT","Percentage of employees with the right to bargain",1980,1980,96,NA,NA
"BEL","Belgium","A","Annual","PCT","Percentage of employees with the right to bargain",1981,1981,96,NA,NA
"BEL","Belgium","A","Annual","PCT","Percentage of employees with the right to bargain",1985,1985,96,NA,NA
"BEL","Belgium","A","Annual","PCT","Percentage of employees with the right to bargain",1990,1990,96,NA,NA
"BEL","Belgium","A","Annual","PCT","Percentage of employees with the right to bargain",1995,1995,96,NA,NA
"BEL","Belgium","A","Annual","PCT","Percentage of employees with the right to bargain",2000,2000,96,NA,NA
"BEL","Belgium","A","Annual","PCT","Percentage of employees with the right to bargain",2002,2002,96,NA,NA
"BEL","Belgium","A","Annual","PCT","Percentage of employees with the right to bargain",2008,2008,96,NA,NA
"BEL","Belgium","A","Annual","PCT","Percentage of employees with the right to bargain",2013,2013,96,NA,NA
"BEL","Belgium","A","Annual","PCT","Percentage of employees with the right to bargain",2015,2015,96,NA,NA
"BEL","Belgium","A","Annual","PCT","Percentage of employees with the right to bargain",2016,2016,96,NA,NA
"CAN","Canada","A","Annual","PCT","Percentage of employees with the right to bargain",1960,1960,31.787127723366,NA,NA
"CAN","Canada","A","Annual","PCT","Percentage of employees with the right to bargain",1961,1961,31.0845486795428,NA,NA
"CAN","Canada","A","Annual","PCT","Percentage of employees with the right to bargain",1962,1962,29.5048506752901,NA,NA
"CAN","Canada","A","Annual","PCT","Percentage of employees with the right to bargain",1963,1963,29.1727004063539,NA,NA
"CAN","Canada","A","Annual","PCT","Percentage of employees with the right to bargain",1964,1964,28.8183106074022,NA,NA
"CAN","Canada","A","Annual","PCT","Percentage of employees with the right to bargain",1965,1965,29.1094117647059,NA,NA
"CAN","Canada","A","Annual","PCT","Percentage of employees with the right to bargain",1966,1966,30.0498650150865,NA,NA
"CAN","Canada","A","Annual","PCT","Percentage of employees with the right to bargain",1967,1967,32.2484213768674,NA,NA
"CAN","Canada","A","Annual","PCT","Percentage of employees with the right to bargain",1968,1968,32.8667866786679,NA,NA
"CAN","Canada","A","Annual","PCT","Percentage of employees with the right to bargain",1969,1969,32.8122733207602,NA,NA
"CAN","Canada","A","Annual","PCT","Percentage of employees with the right to bargain",1970,1970,33.8173900628212,NA,NA
"CAN","Canada","A","Annual","PCT","Percentage of employees with the right to bargain",1971,1971,33.5606461495613,NA,NA
"CAN","Canada","A","Annual","PCT","Percentage of employees with the right to bargain",1972,1972,34.6851429338344,NA,NA
"CAN","Canada","A","Annual","PCT","Percentage of employees with the right to bargain",1973,1973,36.0570342205323,NA,NA
"CAN","Canada","A","Annual","PCT","Percentage of employees with the right to bargain",1974,1974,36.1301070038911,NA,NA
"CAN","Canada","A","Annual","PCT","Percentage of employees with the right to bargain",1975,1975,37.4309253731343,NA,NA
"CAN","Canada","A","Annual","PCT","Percentage of employees with the right to bargain",1976,1976,37.6344134839112,NA,NA
"CAN","Canada","A","Annual","PCT","Percentage of employees with the right to bargain",1977,1977,38.2356020942408,NA,NA
"CAN","Canada","A","Annual","PCT","Percentage of employees with the right to bargain",1978,1978,38.6615161548616,NA,NA
"CAN","Canada","A","Annual","PCT","Percentage of employees with the right to bargain",1979,1979,37.6904172321974,NA,NA
"CAN","Canada","A","Annual","PCT","Percentage of employees with the right to bargain",1980,1980,37.0967396096349,NA,NA
"CAN","Canada","A","Annual","PCT","Percentage of employees with the right to bargain",1981,1981,36.8,NA,NA
"CAN","Canada","A","Annual","PCT","Percentage of employees with the right to bargain",1982,1982,39.6,NA,NA
"CAN","Canada","A","Annual","PCT","Percentage of employees with the right to bargain",1983,1983,38.6,NA,NA
"CAN","Canada","A","Annual","PCT","Percentage of employees with the right to bargain",1984,1984,38.3834908025523,NA,NA
"CAN","Canada","A","Annual","PCT","Percentage of employees with the right to bargain",1985,1985,37,NA,NA
"CAN","Canada","A","Annual","PCT","Percentage of employees with the right to bargain",1986,1986,37.6077626077626,NA,NA
"CAN","Canada","A","Annual","PCT","Percentage of employees with the right to bargain",1987,1987,36.9532938212271,NA,NA
"CAN","Canada","A","Annual","PCT","Percentage of employees with the right to bargain",1988,1988,36.3990281387727,NA,NA
"CAN","Canada","A","Annual","PCT","Percentage of employees with the right to bargain",1989,1989,36.5082709193118,NA,NA
"CAN","Canada","A","Annual","PCT","Percentage of employees with the right to bargain",1990,1990,38,NA,NA
"CAN","Canada","A","Annual","PCT","Percentage of employees with the right to bargain",1991,1991,38.4346453704981,NA,NA
"CAN","Canada","A","Annual","PCT","Percentage of employees with the right to bargain",1992,1992,38.7798171552432,NA,NA
"CAN","Canada","A","Annual","PCT","Percentage of employees with the right to bargain",1993,1993,38.8931471370573,NA,NA
"CAN","Canada","A","Annual","PCT","Percentage of employees with the right to bargain",1994,1994,37.434324542288,NA,NA
"CAN","Canada","A","Annual","PCT","Percentage of employees with the right to bargain",1995,1995,36.9744810416176,NA,NA
"CAN","Canada","A","Annual","PCT","Percentage of employees with the right to bargain",1996,1996,36,NA,NA
"CAN","Canada","A","Annual","PCT","Percentage of employees with the right to bargain",1997,1997,33.7,NA,NA
"CAN","Canada","A","Annual","PCT","Percentage of employees with the right to bargain",1998,1998,33,NA,NA
"CAN","Canada","A","Annual","PCT","Percentage of employees with the right to bargain",1999,1999,32.3,NA,NA
"CAN","Canada","A","Annual","PCT","Percentage of employees with the right to bargain",2000,2000,32.3,NA,NA
"CAN","Canada","A","Annual","PCT","Percentage of employees with the right to bargain",2001,2001,32.3,NA,NA
"CAN","Canada","A","Annual","PCT","Percentage of employees with the right to bargain",2002,2002,32.2,NA,NA
"CAN","Canada","A","Annual","PCT","Percentage of employees with the right to bargain",2003,2003,32.2,NA,NA
"CAN","Canada","A","Annual","PCT","Percentage of employees with the right to bargain",2004,2004,31.7,NA,NA
"CAN","Canada","A","Annual","PCT","Percentage of employees with the right to bargain",2005,2005,32,NA,NA
"CAN","Canada","A","Annual","PCT","Percentage of employees with the right to bargain",2006,2006,31.7,NA,NA
"CAN","Canada","A","Annual","PCT","Percentage of employees with the right to bargain",2007,2007,31.6,NA,NA
"CAN","Canada","A","Annual","PCT","Percentage of employees with the right to bargain",2008,2008,31.2,NA,NA
"CAN","Canada","A","Annual","PCT","Percentage of employees with the right to bargain",2009,2009,31.5,NA,NA
"CAN","Canada","A","Annual","PCT","Percentage of employees with the right to bargain",2010,2010,31.4,NA,NA
"CAN","Canada","A","Annual","PCT","Percentage of employees with the right to bargain",2011,2011,31,NA,NA
"CAN","Canada","A","Annual","PCT","Percentage of employees with the right to bargain",2012,2012,31.3,NA,NA
"CAN","Canada","A","Annual","PCT","Percentage of employees with the right to bargain",2013,2013,31.1,NA,NA
"CAN","Canada","A","Annual","PCT","Percentage of employees with the right to bargain",2014,2014,30.4,NA,NA
"CAN","Canada","A","Annual","PCT","Percentage of employees with the right to bargain",2015,2015,30.6,NA,NA
"CAN","Canada","A","Annual","PCT","Percentage of employees with the right to bargain",2016,2016,30.3,NA,NA
"CZE","Czech Republic","A","Annual","PCT","Percentage of employees with the right to bargain",1990,1990,80,NA,NA
"CZE","Czech Republic","A","Annual","PCT","Percentage of employees with the right to bargain",1993,1993,70.7773512476008,NA,NA
"CZE","Czech Republic","A","Annual","PCT","Percentage of employees with the right to bargain",1994,1994,65.325977338791,NA,NA
"CZE","Czech Republic","A","Annual","PCT","Percentage of employees with the right to bargain",1995,1995,67.2708962739174,NA,NA
"CZE","Czech Republic","A","Annual","PCT","Percentage of employees with the right to bargain",1996,1996,61.410886690754,NA,NA
"CZE","Czech Republic","A","Annual","PCT","Percentage of employees with the right to bargain",1997,1997,55.992375506314,NA,NA
"CZE","Czech Republic","A","Annual","PCT","Percentage of employees with the right to bargain",1998,1998,48.5891342277841,NA,NA
"CZE","Czech Republic","A","Annual","PCT","Percentage of employees with the right to bargain",1999,1999,51.1046378017801,NA,NA
"CZE","Czech Republic","A","Annual","PCT","Percentage of employees with the right to bargain",2000,2000,47.950814508712,NA,NA
"CZE","Czech Republic","A","Annual","PCT","Percentage of employees with the right to bargain",2001,2001,38.2933131656898,NA,NA
"CZE","Czech Republic","A","Annual","PCT","Percentage of employees with the right to bargain",2002,2002,42.96382259448,NA,NA
"CZE","Czech Republic","A","Annual","PCT","Percentage of employees with the right to bargain",2003,2003,45.9530563542451,NA,NA
"CZE","Czech Republic","A","Annual","PCT","Percentage of employees with the right to bargain",2004,2004,43.3917452981578,NA,NA
"CZE","Czech Republic","A","Annual","PCT","Percentage of employees with the right to bargain",2005,2005,41.6307026431994,NA,NA
"CZE","Czech Republic","A","Annual","PCT","Percentage of employees with the right to bargain",2006,2006,50.0692315300168,NA,NA
"CZE","Czech Republic","A","Annual","PCT","Percentage of employees with the right to bargain",2007,2007,50.2286983002317,NA,NA
"CZE","Czech Republic","A","Annual","PCT","Percentage of employees with the right to bargain",2008,2008,49.6283836178615,NA,NA
"CZE","Czech Republic","A","Annual","PCT","Percentage of employees with the right to bargain",2009,2009,44.2873509982205,NA,NA
"CZE","Czech Republic","A","Annual","PCT","Percentage of employees with the right to bargain",2010,2010,51.0589525090945,NA,NA
"CZE","Czech Republic","A","Annual","PCT","Percentage of employees with the right to bargain",2011,2011,49.2075925728645,NA,NA
"CZE","Czech Republic","A","Annual","PCT","Percentage of employees with the right to bargain",2012,2012,49.6911238076125,NA,NA
"CZE","Czech Republic","A","Annual","PCT","Percentage of employees with the right to bargain",2013,2013,48.9191407431177,NA,NA
"CZE","Czech Republic","A","Annual","PCT","Percentage of employees with the right to bargain",2014,2014,45.3606475884205,NA,NA
"CZE","Czech Republic","A","Annual","PCT","Percentage of employees with the right to bargain",2015,2015,46.2697506758786,NA,NA
"DNK","Denmark","A","Annual","PCT","Percentage of employees with the right to bargain",1960,1960,79,NA,NA
"DNK","Denmark","A","Annual","PCT","Percentage of employees with the right to bargain",1965,1965,80,NA,NA
"DNK","Denmark","A","Annual","PCT","Percentage of employees with the right to bargain",1970,1970,80,NA,NA
"DNK","Denmark","A","Annual","PCT","Percentage of employees with the right to bargain",1975,1975,81,NA,NA
"DNK","Denmark","A","Annual","PCT","Percentage of employees with the right to bargain",1980,1980,82,NA,NA
"DNK","Denmark","A","Annual","PCT","Percentage of employees with the right to bargain",1985,1985,83,NA,NA
"DNK","Denmark","A","Annual","PCT","Percentage of employees with the right to bargain",1990,1990,82.82,NA,NA
"DNK","Denmark","A","Annual","PCT","Percentage of employees with the right to bargain",1993,1993,83,NA,NA
"DNK","Denmark","A","Annual","PCT","Percentage of employees with the right to bargain",1997,1997,85,NA,NA
"DNK","Denmark","A","Annual","PCT","Percentage of employees with the right to bargain",2000,2000,85,NA,NA
"DNK","Denmark","A","Annual","PCT","Percentage of employees with the right to bargain",2004,2004,85,NA,NA
"DNK","Denmark","A","Annual","PCT","Percentage of employees with the right to bargain",2006,2006,84,NA,NA
"DNK","Denmark","A","Annual","PCT","Percentage of employees with the right to bargain",2007,2007,81,NA,NA
"DNK","Denmark","A","Annual","PCT","Percentage of employees with the right to bargain",2009,2009,82,NA,NA
"DNK","Denmark","A","Annual","PCT","Percentage of employees with the right to bargain",2010,2010,83,NA,NA
"DNK","Denmark","A","Annual","PCT","Percentage of employees with the right to bargain",2013,2013,84,NA,NA
"DNK","Denmark","A","Annual","PCT","Percentage of employees with the right to bargain",2015,2015,84,NA,NA
"FIN","Finland","A","Annual","PCT","Percentage of employees with the right to bargain",1960,1960,63,NA,NA
"FIN","Finland","A","Annual","PCT","Percentage of employees with the right to bargain",1965,1965,66,NA,NA
"FIN","Finland","A","Annual","PCT","Percentage of employees with the right to bargain",1968,1968,73,NA,NA
"FIN","Finland","A","Annual","PCT","Percentage of employees with the right to bargain",1970,1970,73,NA,NA
"FIN","Finland","A","Annual","PCT","Percentage of employees with the right to bargain",1972,1972,73,NA,NA
"FIN","Finland","A","Annual","PCT","Percentage of employees with the right to bargain",1974,1974,77,NA,NA
"FIN","Finland","A","Annual","PCT","Percentage of employees with the right to bargain",1980,1980,70,NA,NA
"FIN","Finland","A","Annual","PCT","Percentage of employees with the right to bargain",1985,1985,77,NA,NA
"FIN","Finland","A","Annual","PCT","Percentage of employees with the right to bargain",1989,1989,85,NA,NA
"FIN","Finland","A","Annual","PCT","Percentage of employees with the right to bargain",1995,1995,83,NA,NA
"FIN","Finland","A","Annual","PCT","Percentage of employees with the right to bargain",2000,2000,85,NA,NA
"FIN","Finland","A","Annual","PCT","Percentage of employees with the right to bargain",2002,2002,91,NA,NA
"FIN","Finland","A","Annual","PCT","Percentage of employees with the right to bargain",2003,2003,91,NA,NA
"FIN","Finland","A","Annual","PCT","Percentage of employees with the right to bargain",2004,2004,91,NA,NA
"FIN","Finland","A","Annual","PCT","Percentage of employees with the right to bargain",2005,2005,87.7,NA,NA
"FIN","Finland","A","Annual","PCT","Percentage of employees with the right to bargain",2006,2006,87.7,NA,NA
"FIN","Finland","A","Annual","PCT","Percentage of employees with the right to bargain",2008,2008,87.5,NA,NA
"FIN","Finland","A","Annual","PCT","Percentage of employees with the right to bargain",2009,2009,78.4334287295811,NA,NA
"FIN","Finland","A","Annual","PCT","Percentage of employees with the right to bargain",2010,2010,77.8144933006228,NA,NA
"FIN","Finland","A","Annual","PCT","Percentage of employees with the right to bargain",2011,2011,90,NA,NA
"FIN","Finland","A","Annual","PCT","Percentage of employees with the right to bargain",2012,2012,89.7441871301431,NA,NA
"FIN","Finland","A","Annual","PCT","Percentage of employees with the right to bargain",2013,2013,93,NA,NA
"FIN","Finland","A","Annual","PCT","Percentage of employees with the right to bargain",2014,2014,89.3,NA,NA
"FIN","Finland","A","Annual","PCT","Percentage of employees with the right to bargain",2015,2015,89.3151864520296,NA,NA
"FRA","France","A","Annual","PCT","Percentage of employees with the right to bargain",1960,1960,70,NA,NA
"FRA","France","A","Annual","PCT","Percentage of employees with the right to bargain",1965,1965,70,NA,NA
"FRA","France","A","Annual","PCT","Percentage of employees with the right to bargain",1970,1970,70,NA,NA
"FRA","France","A","Annual","PCT","Percentage of employees with the right to bargain",1975,1975,76,NA,NA
"FRA","France","A","Annual","PCT","Percentage of employees with the right to bargain",1980,1980,77.38,NA,NA
"FRA","France","A","Annual","PCT","Percentage of employees with the right to bargain",1981,1981,80.5,NA,NA
"FRA","France","A","Annual","PCT","Percentage of employees with the right to bargain",1985,1985,87.84,NA,NA
"FRA","France","A","Annual","PCT","Percentage of employees with the right to bargain",1990,1990,94.9066396827038,NA,NA
"FRA","France","A","Annual","PCT","Percentage of employees with the right to bargain",1997,1997,93.4395693783073,NA,NA
"FRA","France","A","Annual","PCT","Percentage of employees with the right to bargain",2004,2004,96.0796434015073,NA,NA
"FRA","France","A","Annual","PCT","Percentage of employees with the right to bargain",2008,2008,98,NA,NA
"FRA","France","A","Annual","PCT","Percentage of employees with the right to bargain",2009,2009,98,NA,NA
"FRA","France","A","Annual","PCT","Percentage of employees with the right to bargain",2012,2012,98,NA,NA
"FRA","France","A","Annual","PCT","Percentage of employees with the right to bargain",2014,2014,98.4574741176491,NA,NA
"DEU","Germany","A","Annual","PCT","Percentage of employees with the right to bargain",1960,1960,85,NA,NA
"DEU","Germany","A","Annual","PCT","Percentage of employees with the right to bargain",1965,1965,85,NA,NA
"DEU","Germany","A","Annual","PCT","Percentage of employees with the right to bargain",1970,1970,85,NA,NA
"DEU","Germany","A","Annual","PCT","Percentage of employees with the right to bargain",1975,1975,85,NA,NA
"DEU","Germany","A","Annual","PCT","Percentage of employees with the right to bargain",1980,1980,85,NA,NA
"DEU","Germany","A","Annual","PCT","Percentage of employees with the right to bargain",1985,1985,85,NA,NA
"DEU","Germany","A","Annual","PCT","Percentage of employees with the right to bargain",1990,1990,85,NA,NA
"DEU","Germany","A","Annual","PCT","Percentage of employees with the right to bargain",1995,1995,80.75,NA,NA
"DEU","Germany","A","Annual","PCT","Percentage of employees with the right to bargain",1996,1996,75.65,NA,NA
"DEU","Germany","A","Annual","PCT","Percentage of employees with the right to bargain",1997,1997,74.9,NA,NA
"DEU","Germany","A","Annual","PCT","Percentage of employees with the right to bargain",1998,1998,73.6,NA,NA
"DEU","Germany","A","Annual","PCT","Percentage of employees with the right to bargain",1999,1999,70.6,NA,NA
"DEU","Germany","A","Annual","PCT","Percentage of employees with the right to bargain",2000,2000,67.75,NA,NA
"DEU","Germany","A","Annual","PCT","Percentage of employees with the right to bargain",2001,2001,68.75,NA,NA
"DEU","Germany","A","Annual","PCT","Percentage of employees with the right to bargain",2002,2002,67.75,NA,NA
"DEU","Germany","A","Annual","PCT","Percentage of employees with the right to bargain",2003,2003,67.6,NA,NA
"DEU","Germany","A","Annual","PCT","Percentage of employees with the right to bargain",2004,2004,65.75,NA,NA
"DEU","Germany","A","Annual","PCT","Percentage of employees with the right to bargain",2005,2005,64.9,NA,NA
"DEU","Germany","A","Annual","PCT","Percentage of employees with the right to bargain",2006,2006,63.35,NA,NA
"DEU","Germany","A","Annual","PCT","Percentage of employees with the right to bargain",2007,2007,61.65,NA,NA
"DEU","Germany","A","Annual","PCT","Percentage of employees with the right to bargain",2008,2008,61.35,NA,NA
"DEU","Germany","A","Annual","PCT","Percentage of employees with the right to bargain",2009,2009,61.74,NA,NA
"DEU","Germany","A","Annual","PCT","Percentage of employees with the right to bargain",2010,2010,59.76,NA,NA
"DEU","Germany","A","Annual","PCT","Percentage of employees with the right to bargain",2011,2011,58.9,NA,NA
"DEU","Germany","A","Annual","PCT","Percentage of employees with the right to bargain",2012,2012,58.3,NA,NA
"DEU","Germany","A","Annual","PCT","Percentage of employees with the right to bargain",2013,2013,57.6,NA,NA
"DEU","Germany","A","Annual","PCT","Percentage of employees with the right to bargain",2014,2014,57.8,NA,NA
"DEU","Germany","A","Annual","PCT","Percentage of employees with the right to bargain",2015,2015,56.8,NA,NA
"DEU","Germany","A","Annual","PCT","Percentage of employees with the right to bargain",2016,2016,56,NA,NA
"GRC","Greece","A","Annual","PCT","Percentage of employees with the right to bargain",1985,1985,85,NA,NA
"GRC","Greece","A","Annual","PCT","Percentage of employees with the right to bargain",1990,1990,85,NA,NA
"GRC","Greece","A","Annual","PCT","Percentage of employees with the right to bargain",1995,1995,85,NA,NA
"GRC","Greece","A","Annual","PCT","Percentage of employees with the right to bargain",2000,2000,82,NA,NA
"GRC","Greece","A","Annual","PCT","Percentage of employees with the right to bargain",2001,2001,82,NA,NA
"GRC","Greece","A","Annual","PCT","Percentage of employees with the right to bargain",2002,2002,82,NA,NA
"GRC","Greece","A","Annual","PCT","Percentage of employees with the right to bargain",2003,2003,82,NA,NA
"GRC","Greece","A","Annual","PCT","Percentage of employees with the right to bargain",2004,2004,82,NA,NA
"GRC","Greece","A","Annual","PCT","Percentage of employees with the right to bargain",2005,2005,82,NA,NA
"GRC","Greece","A","Annual","PCT","Percentage of employees with the right to bargain",2006,2006,82,NA,NA
"GRC","Greece","A","Annual","PCT","Percentage of employees with the right to bargain",2007,2007,83,NA,NA
"GRC","Greece","A","Annual","PCT","Percentage of employees with the right to bargain",2008,2008,83,NA,NA
"GRC","Greece","A","Annual","PCT","Percentage of employees with the right to bargain",2009,2009,83,NA,NA
"GRC","Greece","A","Annual","PCT","Percentage of employees with the right to bargain",2010,2010,64,NA,NA
"GRC","Greece","A","Annual","PCT","Percentage of employees with the right to bargain",2011,2011,60,NA,NA
"GRC","Greece","A","Annual","PCT","Percentage of employees with the right to bargain",2012,2012,51,NA,NA
"GRC","Greece","A","Annual","PCT","Percentage of employees with the right to bargain",2013,2013,40,NA,NA
"HUN","Hungary","A","Annual","PCT","Percentage of employees with the right to bargain",1993,1993,45.1,NA,NA
"HUN","Hungary","A","Annual","PCT","Percentage of employees with the right to bargain",1995,1995,39.5,NA,NA
"HUN","Hungary","A","Annual","PCT","Percentage of employees with the right to bargain",1997,1997,39.5,NA,NA
"HUN","Hungary","A","Annual","PCT","Percentage of employees with the right to bargain",1999,1999,42.4202667666261,NA,NA
"HUN","Hungary","A","Annual","PCT","Percentage of employees with the right to bargain",2001,2001,35.6407257912407,NA,NA
"HUN","Hungary","A","Annual","PCT","Percentage of employees with the right to bargain",2003,2003,34.2430995300399,NA,NA
"HUN","Hungary","A","Annual","PCT","Percentage of employees with the right to bargain",2005,2005,24.7503508081581,NA,NA
"HUN","Hungary","A","Annual","PCT","Percentage of employees with the right to bargain",2007,2007,24.5643056338337,NA,NA
"HUN","Hungary","A","Annual","PCT","Percentage of employees with the right to bargain",2009,2009,26.8644192011726,NA,NA
"HUN","Hungary","A","Annual","PCT","Percentage of employees with the right to bargain",2010,2010,27.329814295645,NA,NA
"HUN","Hungary","A","Annual","PCT","Percentage of employees with the right to bargain",2011,2011,26.4476726141362,NA,NA
"HUN","Hungary","A","Annual","PCT","Percentage of employees with the right to bargain",2012,2012,26.4076255883485,NA,NA
"HUN","Hungary","A","Annual","PCT","Percentage of employees with the right to bargain",2013,2013,25.5394815892525,NA,NA
"HUN","Hungary","A","Annual","PCT","Percentage of employees with the right to bargain",2014,2014,22.7971152986793,NA,NA
"ISL","Iceland","A","Annual","PCT","Percentage of employees with the right to bargain",1993,1993,94,NA,NA
"ISL","Iceland","A","Annual","PCT","Percentage of employees with the right to bargain",2000,2000,87,NA,NA
"ISL","Iceland","A","Annual","PCT","Percentage of employees with the right to bargain",2002,2002,89,NA,NA
"ISL","Iceland","A","Annual","PCT","Percentage of employees with the right to bargain",2008,2008,88,NA,NA
"ISL","Iceland","A","Annual","PCT","Percentage of employees with the right to bargain",2013,2013,89,NA,NA
"ISL","Iceland","A","Annual","PCT","Percentage of employees with the right to bargain",2016,2016,90,NA,NA
"IRL","Ireland","A","Annual","PCT","Percentage of employees with the right to bargain",2000,2000,44.22,NA,NA
"IRL","Ireland","A","Annual","PCT","Percentage of employees with the right to bargain",2005,2005,41.73,NA,NA
"IRL","Ireland","A","Annual","PCT","Percentage of employees with the right to bargain",2009,2009,40.485,NA,NA
"IRL","Ireland","A","Annual","PCT","Percentage of employees with the right to bargain",2014,2014,33.5154992217152,NA,NA
"ITA","Italy","A","Annual","PCT","Percentage of employees with the right to bargain",1960,1960,80,NA,NA
"ITA","Italy","A","Annual","PCT","Percentage of employees with the right to bargain",1965,1965,80,NA,NA
"ITA","Italy","A","Annual","PCT","Percentage of employees with the right to bargain",1970,1970,80,NA,NA
"ITA","Italy","A","Annual","PCT","Percentage of employees with the right to bargain",1975,1975,80,NA,NA
"ITA","Italy","A","Annual","PCT","Percentage of employees with the right to bargain",1980,1980,80,NA,NA
"ITA","Italy","A","Annual","PCT","Percentage of employees with the right to bargain",1985,1985,80,NA,NA
"ITA","Italy","A","Annual","PCT","Percentage of employees with the right to bargain",1990,1990,80,NA,NA
"ITA","Italy","A","Annual","PCT","Percentage of employees with the right to bargain",1995,1995,80,NA,NA
"ITA","Italy","A","Annual","PCT","Percentage of employees with the right to bargain",2000,2000,80,NA,NA
"ITA","Italy","A","Annual","PCT","Percentage of employees with the right to bargain",2001,2001,80,NA,NA
"ITA","Italy","A","Annual","PCT","Percentage of employees with the right to bargain",2002,2002,80,NA,NA
"ITA","Italy","A","Annual","PCT","Percentage of employees with the right to bargain",2003,2003,80,NA,NA
"ITA","Italy","A","Annual","PCT","Percentage of employees with the right to bargain",2004,2004,80,NA,NA
"ITA","Italy","A","Annual","PCT","Percentage of employees with the right to bargain",2005,2005,80,NA,NA
"ITA","Italy","A","Annual","PCT","Percentage of employees with the right to bargain",2006,2006,80,NA,NA
"ITA","Italy","A","Annual","PCT","Percentage of employees with the right to bargain",2007,2007,80,NA,NA
"ITA","Italy","A","Annual","PCT","Percentage of employees with the right to bargain",2008,2008,80,NA,NA
"ITA","Italy","A","Annual","PCT","Percentage of employees with the right to bargain",2009,2009,80,NA,NA
"ITA","Italy","A","Annual","PCT","Percentage of employees with the right to bargain",2010,2010,80,NA,NA
"ITA","Italy","A","Annual","PCT","Percentage of employees with the right to bargain",2011,2011,80,NA,NA
"ITA","Italy","A","Annual","PCT","Percentage of employees with the right to bargain",2012,2012,80,NA,NA
"ITA","Italy","A","Annual","PCT","Percentage of employees with the right to bargain",2013,2013,80,NA,NA
"ITA","Italy","A","Annual","PCT","Percentage of employees with the right to bargain",2014,2014,80,NA,NA
"ITA","Italy","A","Annual","PCT","Percentage of employees with the right to bargain",2015,2015,80,NA,NA
"JPN","Japan","A","Annual","PCT","Percentage of employees with the right to bargain",1960,1960,33.3,NA,NA
"JPN","Japan","A","Annual","PCT","Percentage of employees with the right to bargain",1965,1965,35.6,NA,NA
"JPN","Japan","A","Annual","PCT","Percentage of employees with the right to bargain",1970,1970,35.6,NA,NA
"JPN","Japan","A","Annual","PCT","Percentage of employees with the right to bargain",1975,1975,35,NA,NA
"JPN","Japan","A","Annual","PCT","Percentage of employees with the right to bargain",1980,1980,31.1,NA,NA
"JPN","Japan","A","Annual","PCT","Percentage of employees with the right to bargain",1985,1985,28.9,NA,NA
"JPN","Japan","A","Annual","PCT","Percentage of employees with the right to bargain",1988,1988,26.6,NA,NA
"JPN","Japan","A","Annual","PCT","Percentage of employees with the right to bargain",1990,1990,25.6,NA,NA
"JPN","Japan","A","Annual","PCT","Percentage of employees with the right to bargain",1995,1995,23.3,NA,NA
"JPN","Japan","A","Annual","PCT","Percentage of employees with the right to bargain",2000,2000,21.1,NA,NA
"JPN","Japan","A","Annual","PCT","Percentage of employees with the right to bargain",2005,2005,19,NA,NA
"JPN","Japan","A","Annual","PCT","Percentage of employees with the right to bargain",2006,2006,18,NA,NA
"JPN","Japan","A","Annual","PCT","Percentage of employees with the right to bargain",2007,2007,17.8,NA,NA
"JPN","Japan","A","Annual","PCT","Percentage of employees with the right to bargain",2008,2008,17.6,NA,NA
"JPN","Japan","A","Annual","PCT","Percentage of employees with the right to bargain",2009,2009,17.9,NA,NA
"JPN","Japan","A","Annual","PCT","Percentage of employees with the right to bargain",2010,2010,17.6,NA,NA
"JPN","Japan","A","Annual","PCT","Percentage of employees with the right to bargain",2011,2011,17.8,NA,NA
"JPN","Japan","A","Annual","PCT","Percentage of employees with the right to bargain",2012,2012,17.5,NA,NA
"JPN","Japan","A","Annual","PCT","Percentage of employees with the right to bargain",2013,2013,17.1,NA,NA
"JPN","Japan","A","Annual","PCT","Percentage of employees with the right to bargain",2014,2014,16.9,NA,NA
"JPN","Japan","A","Annual","PCT","Percentage of employees with the right to bargain",2015,2015,16.8,NA,NA
"JPN","Japan","A","Annual","PCT","Percentage of employees with the right to bargain",2016,2016,16.7,NA,NA
"KOR","Korea","A","Annual","PCT","Percentage of employees with the right to bargain",1963,1963,10.9854666026454,NA,NA
"KOR","Korea","A","Annual","PCT","Percentage of employees with the right to bargain",1964,1964,13.4064395916365,NA,NA
"KOR","Korea","A","Annual","PCT","Percentage of employees with the right to bargain",1965,1965,13.4811182597803,NA,NA
"KOR","Korea","A","Annual","PCT","Percentage of employees with the right to bargain",1966,1966,14.1394523829505,NA,NA
"KOR","Korea","A","Annual","PCT","Percentage of employees with the right to bargain",1967,1967,14.4881118490819,NA,NA
"KOR","Korea","A","Annual","PCT","Percentage of employees with the right to bargain",1968,1968,14.1661967438089,NA,NA
"KOR","Korea","A","Annual","PCT","Percentage of employees with the right to bargain",1969,1969,14.6274284931839,NA,NA
"KOR","Korea","A","Annual","PCT","Percentage of employees with the right to bargain",1970,1970,14.7371023966745,NA,NA
"KOR","Korea","A","Annual","PCT","Percentage of employees with the right to bargain",1971,1971,14.7846874173005,NA,NA
"KOR","Korea","A","Annual","PCT","Percentage of employees with the right to bargain",1972,1972,15.008312779757,NA,NA
"KOR","Korea","A","Annual","PCT","Percentage of employees with the right to bargain",1973,1973,15.3936785402674,NA,NA
"KOR","Korea","A","Annual","PCT","Percentage of employees with the right to bargain",1974,1974,17.2134697563075,NA,NA
"KOR","Korea","A","Annual","PCT","Percentage of employees with the right to bargain",1975,1975,18.4201551138534,NA,NA
"KOR","Korea","A","Annual","PCT","Percentage of employees with the right to bargain",1976,1976,19.1910287145504,NA,NA
"KOR","Korea","A","Annual","PCT","Percentage of employees with the right to bargain",1977,1977,19.4903644970159,NA,NA
"KOR","Korea","A","Annual","PCT","Percentage of employees with the right to bargain",1978,1978,19.7082602953413,NA,NA
"KOR","Korea","A","Annual","PCT","Percentage of employees with the right to bargain",1979,1979,19.5896310406228,NA,NA
"KOR","Korea","A","Annual","PCT","Percentage of employees with the right to bargain",1980,1980,17.1099746175572,NA,NA
"KOR","Korea","A","Annual","PCT","Percentage of employees with the right to bargain",1981,1981,17.0732799070083,NA,NA
"KOR","Korea","A","Annual","PCT","Percentage of employees with the right to bargain",1982,1982,16.785856551929,NA,NA
"KOR","Korea","A","Annual","PCT","Percentage of employees with the right to bargain",1983,1983,16.4297909724595,NA,NA
"KOR","Korea","A","Annual","PCT","Percentage of employees with the right to bargain",1984,1984,15.447041446308,NA,NA
"KOR","Korea","A","Annual","PCT","Percentage of employees with the right to bargain",1985,1985,14.4573068665147,NA,NA
"KOR","Korea","A","Annual","PCT","Percentage of employees with the right to bargain",1986,1986,14.3288894723665,NA,NA
"KOR","Korea","A","Annual","PCT","Percentage of employees with the right to bargain",1987,1987,16.0861257952908,NA,NA
"KOR","Korea","A","Annual","PCT","Percentage of employees with the right to bargain",1988,1988,20.7256006523781,NA,NA
"KOR","Korea","A","Annual","PCT","Percentage of employees with the right to bargain",1989,1989,21.6953092387349,NA,NA
"KOR","Korea","A","Annual","PCT","Percentage of employees with the right to bargain",1990,1990,20.1007413433277,NA,NA
"KOR","Korea","A","Annual","PCT","Percentage of employees with the right to bargain",1991,1991,17.9815134973152,NA,NA
"KOR","Korea","A","Annual","PCT","Percentage of employees with the right to bargain",1992,1992,16.9890100105688,NA,NA
"KOR","Korea","A","Annual","PCT","Percentage of employees with the right to bargain",1993,1993,16.2841075602724,NA,NA
"KOR","Korea","A","Annual","PCT","Percentage of employees with the right to bargain",1994,1994,15.5078100668296,NA,NA
"KOR","Korea","A","Annual","PCT","Percentage of employees with the right to bargain",1995,1995,14.6030539741956,NA,NA
"KOR","Korea","A","Annual","PCT","Percentage of employees with the right to bargain",1996,1996,14.1265288087663,NA,NA
"KOR","Korea","A","Annual","PCT","Percentage of employees with the right to bargain",1997,1997,12.9162738651636,NA,NA
"KOR","Korea","A","Annual","PCT","Percentage of employees with the right to bargain",1998,1998,13.2998445554029,NA,NA
"KOR","Korea","A","Annual","PCT","Percentage of employees with the right to bargain",1999,1999,13.6395954546981,NA,NA
"KOR","Korea","A","Annual","PCT","Percentage of employees with the right to bargain",2000,2000,13.3325170973006,NA,NA
"KOR","Korea","A","Annual","PCT","Percentage of employees with the right to bargain",2001,2001,13.3970244953646,NA,NA
"KOR","Korea","A","Annual","PCT","Percentage of employees with the right to bargain",2002,2002,12.6511635697937,NA,NA
"KOR","Korea","A","Annual","PCT","Percentage of employees with the right to bargain",2003,2003,12.5535497382742,NA,NA
"KOR","Korea","A","Annual","PCT","Percentage of employees with the right to bargain",2004,2004,12.036389422579,NA,NA
"KOR","Korea","A","Annual","PCT","Percentage of employees with the right to bargain",2005,2005,11.5699687492185,NA,NA
"KOR","Korea","A","Annual","PCT","Percentage of employees with the right to bargain",2006,2006,11.6957969208282,NA,NA
"KOR","Korea","A","Annual","PCT","Percentage of employees with the right to bargain",2007,2007,12.3295094877163,NA,NA
"KOR","Korea","A","Annual","PCT","Percentage of employees with the right to bargain",2008,2008,11.9899335161779,NA,NA
"KOR","Korea","A","Annual","PCT","Percentage of employees with the right to bargain",2009,2009,11.6268284839329,NA,NA
"KOR","Korea","A","Annual","PCT","Percentage of employees with the right to bargain",2010,2010,11.2940895513405,NA,NA
"KOR","Korea","A","Annual","PCT","Percentage of employees with the right to bargain",2011,2011,11.5322190831125,NA,NA
"KOR","Korea","A","Annual","PCT","Percentage of employees with the right to bargain",2012,2012,11.731594022726,NA,NA
"KOR","Korea","A","Annual","PCT","Percentage of employees with the right to bargain",2013,2013,11.8,NA,NA
"KOR","Korea","A","Annual","PCT","Percentage of employees with the right to bargain",2014,2014,11.9,NA,NA
"KOR","Korea","A","Annual","PCT","Percentage of employees with the right to bargain",2015,2015,11.8,NA,NA
"LUX","Luxembourg","A","Annual","PCT","Percentage of employees with the right to bargain",1970,1970,60,NA,NA
"LUX","Luxembourg","A","Annual","PCT","Percentage of employees with the right to bargain",1975,1975,60,NA,NA
"LUX","Luxembourg","A","Annual","PCT","Percentage of employees with the right to bargain",1980,1980,60,NA,NA
"LUX","Luxembourg","A","Annual","PCT","Percentage of employees with the right to bargain",1985,1985,60,NA,NA
"LUX","Luxembourg","A","Annual","PCT","Percentage of employees with the right to bargain",1990,1990,60,NA,NA
"LUX","Luxembourg","A","Annual","PCT","Percentage of employees with the right to bargain",1994,1994,60,NA,NA
"LUX","Luxembourg","A","Annual","PCT","Percentage of employees with the right to bargain",1998,1998,60,NA,NA
"LUX","Luxembourg","A","Annual","PCT","Percentage of employees with the right to bargain",2000,2000,60,NA,NA
"LUX","Luxembourg","A","Annual","PCT","Percentage of employees with the right to bargain",2001,2001,59,NA,NA
"LUX","Luxembourg","A","Annual","PCT","Percentage of employees with the right to bargain",2002,2002,58,NA,NA
"LUX","Luxembourg","A","Annual","PCT","Percentage of employees with the right to bargain",2003,2003,58,NA,NA
"LUX","Luxembourg","A","Annual","PCT","Percentage of employees with the right to bargain",2004,2004,58,NA,NA
"LUX","Luxembourg","A","Annual","PCT","Percentage of employees with the right to bargain",2005,2005,58,NA,NA
"LUX","Luxembourg","A","Annual","PCT","Percentage of employees with the right to bargain",2006,2006,58,NA,NA
"LUX","Luxembourg","A","Annual","PCT","Percentage of employees with the right to bargain",2007,2007,58,NA,NA
"LUX","Luxembourg","A","Annual","PCT","Percentage of employees with the right to bargain",2008,2008,59,NA,NA
"LUX","Luxembourg","A","Annual","PCT","Percentage of employees with the right to bargain",2011,2011,54.2217879064829,NA,NA
"LUX","Luxembourg","A","Annual","PCT","Percentage of employees with the right to bargain",2014,2014,55,NA,NA
"MEX","Mexico","A","Annual","PCT","Percentage of employees with the right to bargain",2009,2009,13.647308641045,NA,NA
"MEX","Mexico","A","Annual","PCT","Percentage of employees with the right to bargain",2010,2010,12.331488323254,NA,NA
"MEX","Mexico","A","Annual","PCT","Percentage of employees with the right to bargain",2011,2011,13.1298154639323,NA,NA
"MEX","Mexico","A","Annual","PCT","Percentage of employees with the right to bargain",2012,2012,12.5116172161184,NA,NA
"NLD","Netherlands","A","Annual","PCT","Percentage of employees with the right to bargain",1960,1960,75.7121986851717,NA,NA
"NLD","Netherlands","A","Annual","PCT","Percentage of employees with the right to bargain",1966,1966,79.7007792872845,NA,NA
"NLD","Netherlands","A","Annual","PCT","Percentage of employees with the right to bargain",1970,1970,73.1838942212187,NA,NA
"NLD","Netherlands","A","Annual","PCT","Percentage of employees with the right to bargain",1973,1973,68,NA,NA
"NLD","Netherlands","A","Annual","PCT","Percentage of employees with the right to bargain",1974,1974,67.8051028560652,NA,NA
"NLD","Netherlands","A","Annual","PCT","Percentage of employees with the right to bargain",1975,1975,69.3514723203769,NA,NA
"NLD","Netherlands","A","Annual","PCT","Percentage of employees with the right to bargain",1976,1976,72.3947445684087,NA,NA
"NLD","Netherlands","A","Annual","PCT","Percentage of employees with the right to bargain",1977,1977,73.5524680603949,NA,NA
"NLD","Netherlands","A","Annual","PCT","Percentage of employees with the right to bargain",1978,1978,77.8009523809524,NA,NA
"NLD","Netherlands","A","Annual","PCT","Percentage of employees with the right to bargain",1979,1979,78.0496287835523,NA,NA
"NLD","Netherlands","A","Annual","PCT","Percentage of employees with the right to bargain",1980,1980,76.6598667776853,NA,NA
"NLD","Netherlands","A","Annual","PCT","Percentage of employees with the right to bargain",1981,1981,77.2882836025185,NA,NA
"NLD","Netherlands","A","Annual","PCT","Percentage of employees with the right to bargain",1982,1982,77.2816190740227,NA,NA
"NLD","Netherlands","A","Annual","PCT","Percentage of employees with the right to bargain",1983,1983,78.557153671461,NA,NA
"NLD","Netherlands","A","Annual","PCT","Percentage of employees with the right to bargain",1984,1984,78.382271468144,NA,NA
"NLD","Netherlands","A","Annual","PCT","Percentage of employees with the right to bargain",1985,1985,73.914202682166,NA,NA
"NLD","Netherlands","A","Annual","PCT","Percentage of employees with the right to bargain",1986,1986,71.803235216123,NA,NA
"NLD","Netherlands","A","Annual","PCT","Percentage of employees with the right to bargain",1987,1987,68.5717606042998,NA,NA
"NLD","Netherlands","A","Annual","PCT","Percentage of employees with the right to bargain",1988,1988,71.2480831292486,NA,NA
"NLD","Netherlands","A","Annual","PCT","Percentage of employees with the right to bargain",1989,1989,72.7213789094811,NA,NA
"NLD","Netherlands","A","Annual","PCT","Percentage of employees with the right to bargain",1990,1990,71.9107403904033,NA,NA
"NLD","Netherlands","A","Annual","PCT","Percentage of employees with the right to bargain",1992,1992,73.2602925622144,NA,NA
"NLD","Netherlands","A","Annual","PCT","Percentage of employees with the right to bargain",1993,1993,81.9210485894219,NA,NA
"NLD","Netherlands","A","Annual","PCT","Percentage of employees with the right to bargain",1996,1996,80.3926727398296,NA,NA
"NLD","Netherlands","A","Annual","PCT","Percentage of employees with the right to bargain",2000,2000,81.7017491634358,NA,NA
"NLD","Netherlands","A","Annual","PCT","Percentage of employees with the right to bargain",2001,2001,85.8626408108743,NA,NA
"NLD","Netherlands","A","Annual","PCT","Percentage of employees with the right to bargain",2002,2002,92.7465074428136,NA,NA
"NLD","Netherlands","A","Annual","PCT","Percentage of employees with the right to bargain",2003,2003,80.4036912096797,NA,NA
"NLD","Netherlands","A","Annual","PCT","Percentage of employees with the right to bargain",2004,2004,84.920387137059,NA,NA
"NLD","Netherlands","A","Annual","PCT","Percentage of employees with the right to bargain",2005,2005,86.8285607666148,NA,NA
"NLD","Netherlands","A","Annual","PCT","Percentage of employees with the right to bargain",2006,2006,66.8228271996946,NA,NA
"NLD","Netherlands","A","Annual","PCT","Percentage of employees with the right to bargain",2007,2007,79.0822752493447,NA,NA
"NLD","Netherlands","A","Annual","PCT","Percentage of employees with the right to bargain",2008,2008,78.6323983987877,NA,NA
"NLD","Netherlands","A","Annual","PCT","Percentage of employees with the right to bargain",2009,2009,82.8040271031718,NA,NA
"NLD","Netherlands","A","Annual","PCT","Percentage of employees with the right to bargain",2010,2010,89.6519218864314,NA,NA
"NLD","Netherlands","A","Annual","PCT","Percentage of employees with the right to bargain",2011,2011,87.1698770717692,NA,NA
"NLD","Netherlands","A","Annual","PCT","Percentage of employees with the right to bargain",2012,2012,85.0613072020463,NA,NA
"NLD","Netherlands","A","Annual","PCT","Percentage of employees with the right to bargain",2013,2013,85.6861150494066,NA,NA
"NLD","Netherlands","A","Annual","PCT","Percentage of employees with the right to bargain",2014,2014,85.9338841168089,NA,NA
"NLD","Netherlands","A","Annual","PCT","Percentage of employees with the right to bargain",2015,2015,79.4077419074705,NA,NA
"NLD","Netherlands","A","Annual","PCT","Percentage of employees with the right to bargain",2016,2016,78.5687753585919,NA,NA
"NZL","New Zealand","A","Annual","PCT","Percentage of employees with the right to bargain",1971,1971,70,NA,NA
"NZL","New Zealand","A","Annual","PCT","Percentage of employees with the right to bargain",1976,1976,70,NA,NA
"NZL","New Zealand","A","Annual","PCT","Percentage of employees with the right to bargain",1979,1979,70,NA,NA
"NZL","New Zealand","A","Annual","PCT","Percentage of employees with the right to bargain",1981,1981,70,NA,NA
"NZL","New Zealand","A","Annual","PCT","Percentage of employees with the right to bargain",1985,1985,65,NA,NA
"NZL","New Zealand","A","Annual","PCT","Percentage of employees with the right to bargain",1990,1990,67,NA,NA
"NZL","New Zealand","A","Annual","PCT","Percentage of employees with the right to bargain",1992,1992,47,NA,NA
"NZL","New Zealand","A","Annual","PCT","Percentage of employees with the right to bargain",1993,1993,45.8,NA,NA
"NZL","New Zealand","A","Annual","PCT","Percentage of employees with the right to bargain",1994,1994,44.6,NA,NA
"NZL","New Zealand","A","Annual","PCT","Percentage of employees with the right to bargain",1995,1995,43.3,NA,NA
"NZL","New Zealand","A","Annual","PCT","Percentage of employees with the right to bargain",1996,1996,42,NA,NA
"NZL","New Zealand","A","Annual","PCT","Percentage of employees with the right to bargain",1997,1997,25,NA,NA
"NZL","New Zealand","A","Annual","PCT","Percentage of employees with the right to bargain",1998,1998,25,NA,NA
"NZL","New Zealand","A","Annual","PCT","Percentage of employees with the right to bargain",1999,1999,25,NA,NA
"NZL","New Zealand","A","Annual","PCT","Percentage of employees with the right to bargain",2000,2000,20,NA,NA
"NZL","New Zealand","A","Annual","PCT","Percentage of employees with the right to bargain",2001,2001,20,NA,NA
"NZL","New Zealand","A","Annual","PCT","Percentage of employees with the right to bargain",2002,2002,19,NA,NA
"NZL","New Zealand","A","Annual","PCT","Percentage of employees with the right to bargain",2003,2003,18,NA,NA
"NZL","New Zealand","A","Annual","PCT","Percentage of employees with the right to bargain",2007,2007,17.8,NA,NA
"NZL","New Zealand","A","Annual","PCT","Percentage of employees with the right to bargain",2010,2010,15.6,NA,NA
"NZL","New Zealand","A","Annual","PCT","Percentage of employees with the right to bargain",2011,2011,15.3,NA,NA
"NZL","New Zealand","A","Annual","PCT","Percentage of employees with the right to bargain",2016,2016,15.9,NA,NA
"NOR","Norway","A","Annual","PCT","Percentage of employees with the right to bargain",1960,1960,65,NA,NA
"NOR","Norway","A","Annual","PCT","Percentage of employees with the right to bargain",1965,1965,65,NA,NA
"NOR","Norway","A","Annual","PCT","Percentage of employees with the right to bargain",1970,1970,65,NA,NA
"NOR","Norway","A","Annual","PCT","Percentage of employees with the right to bargain",1975,1975,65,NA,NA
"NOR","Norway","A","Annual","PCT","Percentage of employees with the right to bargain",1980,1980,70,NA,NA
"NOR","Norway","A","Annual","PCT","Percentage of employees with the right to bargain",1985,1985,70,NA,NA
"NOR","Norway","A","Annual","PCT","Percentage of employees with the right to bargain",1990,1990,70,NA,NA
"NOR","Norway","A","Annual","PCT","Percentage of employees with the right to bargain",1994,1994,71,NA,NA
"NOR","Norway","A","Annual","PCT","Percentage of employees with the right to bargain",1998,1998,71,NA,NA
"NOR","Norway","A","Annual","PCT","Percentage of employees with the right to bargain",2002,2002,70.48,NA,NA
"NOR","Norway","A","Annual","PCT","Percentage of employees with the right to bargain",2006,2006,70,NA,NA
"NOR","Norway","A","Annual","PCT","Percentage of employees with the right to bargain",2009,2009,67.96,NA,NA
"NOR","Norway","A","Annual","PCT","Percentage of employees with the right to bargain",2013,2013,68,NA,NA
"NOR","Norway","A","Annual","PCT","Percentage of employees with the right to bargain",2014,2014,67,NA,NA
"POL","Poland","A","Annual","PCT","Percentage of employees with the right to bargain",2000,2000,25,NA,NA
"POL","Poland","A","Annual","PCT","Percentage of employees with the right to bargain",2007,2007,15.7433090936352,NA,NA
"POL","Poland","A","Annual","PCT","Percentage of employees with the right to bargain",2011,2011,14.8554892237356,NA,NA
"POL","Poland","A","Annual","PCT","Percentage of employees with the right to bargain",2012,2012,14.6815364319792,NA,NA
"PRT","Portugal","A","Annual","PCT","Percentage of employees with the right to bargain",1978,1978,68,NA,NA
"PRT","Portugal","A","Annual","PCT","Percentage of employees with the right to bargain",1979,1979,69,NA,NA
"PRT","Portugal","A","Annual","PCT","Percentage of employees with the right to bargain",1980,1980,70,NA,NA
"PRT","Portugal","A","Annual","PCT","Percentage of employees with the right to bargain",1982,1982,73,NA,NA
"PRT","Portugal","A","Annual","PCT","Percentage of employees with the right to bargain",1985,1985,75,NA,NA
"PRT","Portugal","A","Annual","PCT","Percentage of employees with the right to bargain",1990,1990,78,NA,NA
"PRT","Portugal","A","Annual","PCT","Percentage of employees with the right to bargain",1995,1995,77.5,NA,NA
"PRT","Portugal","A","Annual","PCT","Percentage of employees with the right to bargain",1999,1999,68.9935351679797,NA,NA
"PRT","Portugal","A","Annual","PCT","Percentage of employees with the right to bargain",2000,2000,78.4347231715653,NA,NA
"PRT","Portugal","A","Annual","PCT","Percentage of employees with the right to bargain",2001,2001,73.7487848211592,NA,NA
"PRT","Portugal","A","Annual","PCT","Percentage of employees with the right to bargain",2002,2002,72.4605209655871,NA,NA
"PRT","Portugal","A","Annual","PCT","Percentage of employees with the right to bargain",2003,2003,80.0686591276252,NA,NA
"PRT","Portugal","A","Annual","PCT","Percentage of employees with the right to bargain",2004,2004,80.2181665617789,NA,NA
"PRT","Portugal","A","Annual","PCT","Percentage of employees with the right to bargain",2005,2005,83.2018170127842,NA,NA
"PRT","Portugal","A","Annual","PCT","Percentage of employees with the right to bargain",2006,2006,80.2378374884878,NA,NA
"PRT","Portugal","A","Annual","PCT","Percentage of employees with the right to bargain",2007,2007,86.0463437522558,NA,NA
"PRT","Portugal","A","Annual","PCT","Percentage of employees with the right to bargain",2008,2008,85.9264386621779,NA,NA
"PRT","Portugal","A","Annual","PCT","Percentage of employees with the right to bargain",2009,2009,84.1068689966906,NA,NA
"PRT","Portugal","A","Annual","PCT","Percentage of employees with the right to bargain",2010,2010,76.7410710705091,NA,NA
"PRT","Portugal","A","Annual","PCT","Percentage of employees with the right to bargain",2011,2011,75.657628162531,NA,NA
"PRT","Portugal","A","Annual","PCT","Percentage of employees with the right to bargain",2012,2012,73.2570666393064,NA,NA
"PRT","Portugal","A","Annual","PCT","Percentage of employees with the right to bargain",2013,2013,74.4719065684222,NA,NA
"PRT","Portugal","A","Annual","PCT","Percentage of employees with the right to bargain",2014,2014,72.6510730969361,NA,NA
"PRT","Portugal","A","Annual","PCT","Percentage of employees with the right to bargain",2015,2015,72.262010139213,NA,NA
"SVK","Slovak Republic","A","Annual","PCT","Percentage of employees with the right to bargain",2000,2000,51,NA,NA
"SVK","Slovak Republic","A","Annual","PCT","Percentage of employees with the right to bargain",2001,2001,48,NA,NA
"SVK","Slovak Republic","A","Annual","PCT","Percentage of employees with the right to bargain",2002,2002,48,NA,NA
"SVK","Slovak Republic","A","Annual","PCT","Percentage of employees with the right to bargain",2004,2004,40,NA,NA
"SVK","Slovak Republic","A","Annual","PCT","Percentage of employees with the right to bargain",2006,2006,40,NA,NA
"SVK","Slovak Republic","A","Annual","PCT","Percentage of employees with the right to bargain",2008,2008,40,NA,NA
"SVK","Slovak Republic","A","Annual","PCT","Percentage of employees with the right to bargain",2011,2011,35,NA,NA
"SVK","Slovak Republic","A","Annual","PCT","Percentage of employees with the right to bargain",2013,2013,30,NA,NA
"SVK","Slovak Republic","A","Annual","PCT","Percentage of employees with the right to bargain",2015,2015,24.4,NA,NA
"ESP","Spain","A","Annual","PCT","Percentage of employees with the right to bargain",1977,1977,33,NA,NA
"ESP","Spain","A","Annual","PCT","Percentage of employees with the right to bargain",1978,1978,53.9,NA,NA
"ESP","Spain","A","Annual","PCT","Percentage of employees with the right to bargain",1980,1980,76,NA,NA
"ESP","Spain","A","Annual","PCT","Percentage of employees with the right to bargain",1981,1981,82,NA,NA
"ESP","Spain","A","Annual","PCT","Percentage of employees with the right to bargain",1985,1985,86,NA,NA
"ESP","Spain","A","Annual","PCT","Percentage of employees with the right to bargain",1990,1990,87,NA,NA
"ESP","Spain","A","Annual","PCT","Percentage of employees with the right to bargain",1993,1993,94.7138956905857,NA,NA
"ESP","Spain","A","Annual","PCT","Percentage of employees with the right to bargain",1994,1994,92.2666238669371,NA,NA
"ESP","Spain","A","Annual","PCT","Percentage of employees with the right to bargain",1995,1995,90.4483138687672,NA,NA
"ESP","Spain","A","Annual","PCT","Percentage of employees with the right to bargain",1996,1996,93.289019843801,NA,NA
"ESP","Spain","A","Annual","PCT","Percentage of employees with the right to bargain",1997,1997,91.1845091307141,NA,NA
"ESP","Spain","A","Annual","PCT","Percentage of employees with the right to bargain",1998,1998,92.5561132496803,NA,NA
"ESP","Spain","A","Annual","PCT","Percentage of employees with the right to bargain",1999,1999,86.5870148025818,NA,NA
"ESP","Spain","A","Annual","PCT","Percentage of employees with the right to bargain",2000,2000,82.8708746367935,NA,NA
"ESP","Spain","A","Annual","PCT","Percentage of employees with the right to bargain",2001,2001,81.4887011991139,NA,NA
"ESP","Spain","A","Annual","PCT","Percentage of employees with the right to bargain",2002,2002,79.0296352370539,NA,NA
"ESP","Spain","A","Annual","PCT","Percentage of employees with the right to bargain",2003,2003,77.6659527926213,NA,NA
"ESP","Spain","A","Annual","PCT","Percentage of employees with the right to bargain",2004,2004,76.1280028869418,NA,NA
"ESP","Spain","A","Annual","PCT","Percentage of employees with the right to bargain",2005,2005,76.0139104530311,NA,NA
"ESP","Spain","A","Annual","PCT","Percentage of employees with the right to bargain",2006,2006,75.3960746820723,NA,NA
"ESP","Spain","A","Annual","PCT","Percentage of employees with the right to bargain",2007,2007,76.0137403030333,NA,NA
"ESP","Spain","A","Annual","PCT","Percentage of employees with the right to bargain",2008,2008,78.8768577641616,NA,NA
"ESP","Spain","A","Annual","PCT","Percentage of employees with the right to bargain",2009,2009,80.8775230140701,NA,NA
"ESP","Spain","A","Annual","PCT","Percentage of employees with the right to bargain",2010,2010,76.9427460040586,NA,NA
"ESP","Spain","A","Annual","PCT","Percentage of employees with the right to bargain",2011,2011,76.9811669475092,NA,NA
"ESP","Spain","A","Annual","PCT","Percentage of employees with the right to bargain",2012,2012,77.0231054062609,NA,NA
"ESP","Spain","A","Annual","PCT","Percentage of employees with the right to bargain",2013,2013,81.0927255431421,NA,NA
"ESP","Spain","A","Annual","PCT","Percentage of employees with the right to bargain",2014,2014,80.1630659916437,NA,NA
"ESP","Spain","A","Annual","PCT","Percentage of employees with the right to bargain",2015,2015,76.9308189044326,NA,NA
"ESP","Spain","A","Annual","PCT","Percentage of employees with the right to bargain",2016,2016,73.0748054034943,NA,NA
"SWE","Sweden","A","Annual","PCT","Percentage of employees with the right to bargain",1960,1960,75,NA,NA
"SWE","Sweden","A","Annual","PCT","Percentage of employees with the right to bargain",1965,1965,75,NA,NA
"SWE","Sweden","A","Annual","PCT","Percentage of employees with the right to bargain",1970,1970,78,NA,NA
"SWE","Sweden","A","Annual","PCT","Percentage of employees with the right to bargain",1975,1975,85,NA,NA
"SWE","Sweden","A","Annual","PCT","Percentage of employees with the right to bargain",1980,1980,88,NA,NA
"SWE","Sweden","A","Annual","PCT","Percentage of employees with the right to bargain",1985,1985,91,NA,NA
"SWE","Sweden","A","Annual","PCT","Percentage of employees with the right to bargain",1990,1990,91,NA,NA
"SWE","Sweden","A","Annual","PCT","Percentage of employees with the right to bargain",1994,1994,94,NA,NA
"SWE","Sweden","A","Annual","PCT","Percentage of employees with the right to bargain",1995,1995,94,NA,NA
"SWE","Sweden","A","Annual","PCT","Percentage of employees with the right to bargain",1998,1998,94,NA,NA
"SWE","Sweden","A","Annual","PCT","Percentage of employees with the right to bargain",2000,2000,94,NA,NA
"SWE","Sweden","A","Annual","PCT","Percentage of employees with the right to bargain",2002,2002,94,NA,NA
"SWE","Sweden","A","Annual","PCT","Percentage of employees with the right to bargain",2005,2005,94,NA,NA
"SWE","Sweden","A","Annual","PCT","Percentage of employees with the right to bargain",2007,2007,91,NA,NA
"SWE","Sweden","A","Annual","PCT","Percentage of employees with the right to bargain",2011,2011,88,NA,NA
"SWE","Sweden","A","Annual","PCT","Percentage of employees with the right to bargain",2013,2013,89,NA,NA
"SWE","Sweden","A","Annual","PCT","Percentage of employees with the right to bargain",2015,2015,90,NA,NA
"CHE","Switzerland","A","Annual","PCT","Percentage of employees with the right to bargain",1960,1960,50,NA,NA
"CHE","Switzerland","A","Annual","PCT","Percentage of employees with the right to bargain",1964,1964,50,NA,NA
"CHE","Switzerland","A","Annual","PCT","Percentage of employees with the right to bargain",1970,1970,50,NA,NA
"CHE","Switzerland","A","Annual","PCT","Percentage of employees with the right to bargain",1975,1975,50,NA,NA
"CHE","Switzerland","A","Annual","PCT","Percentage of employees with the right to bargain",1980,1980,50,NA,NA
"CHE","Switzerland","A","Annual","PCT","Percentage of employees with the right to bargain",1985,1985,50,NA,NA
"CHE","Switzerland","A","Annual","PCT","Percentage of employees with the right to bargain",1990,1990,47.8997532748349,NA,NA
"CHE","Switzerland","A","Annual","PCT","Percentage of employees with the right to bargain",1991,1991,46.4194367465545,NA,NA
"CHE","Switzerland","A","Annual","PCT","Percentage of employees with the right to bargain",1992,1992,47.1228215865288,NA,NA
"CHE","Switzerland","A","Annual","PCT","Percentage of employees with the right to bargain",1994,1994,45.9022219213782,NA,NA
"CHE","Switzerland","A","Annual","PCT","Percentage of employees with the right to bargain",1996,1996,43.2046460053955,NA,NA
"CHE","Switzerland","A","Annual","PCT","Percentage of employees with the right to bargain",1999,1999,44.9308302166234,NA,NA
"CHE","Switzerland","A","Annual","PCT","Percentage of employees with the right to bargain",2001,2001,39.8688572193451,NA,NA
"CHE","Switzerland","A","Annual","PCT","Percentage of employees with the right to bargain",2003,2003,41.6863799619738,NA,NA
"CHE","Switzerland","A","Annual","PCT","Percentage of employees with the right to bargain",2005,2005,44.6082171862669,NA,NA
"CHE","Switzerland","A","Annual","PCT","Percentage of employees with the right to bargain",2007,2007,44.6949504275929,NA,NA
"CHE","Switzerland","A","Annual","PCT","Percentage of employees with the right to bargain",2009,2009,44.7345208654241,NA,NA
"CHE","Switzerland","A","Annual","PCT","Percentage of employees with the right to bargain",2010,2010,47.2327428013691,NA,NA
"CHE","Switzerland","A","Annual","PCT","Percentage of employees with the right to bargain",2012,2012,49.6848560723525,NA,NA
"CHE","Switzerland","A","Annual","PCT","Percentage of employees with the right to bargain",2013,2013,49.4460024139248,NA,NA
"CHE","Switzerland","A","Annual","PCT","Percentage of employees with the right to bargain",2014,2014,49.2294835578921,NA,NA
"TUR","Turkey","A","Annual","PCT","Percentage of employees with the right to bargain",1986,1986,26.0423169767777,NA,NA
"TUR","Turkey","A","Annual","PCT","Percentage of employees with the right to bargain",1987,1987,28.563524538985,NA,NA
"TUR","Turkey","A","Annual","PCT","Percentage of employees with the right to bargain",1988,1988,27.7433751743375,NA,NA
"TUR","Turkey","A","Annual","PCT","Percentage of employees with the right to bargain",1989,1989,26.8267997148967,NA,NA
"TUR","Turkey","A","Annual","PCT","Percentage of employees with the right to bargain",1990,1990,23.984476671743,NA,NA
"TUR","Turkey","A","Annual","PCT","Percentage of employees with the right to bargain",1991,1991,24.6330045057346,NA,NA
"TUR","Turkey","A","Annual","PCT","Percentage of employees with the right to bargain",1992,1992,25.1767141009056,NA,NA
"TUR","Turkey","A","Annual","PCT","Percentage of employees with the right to bargain",1993,1993,24.4975819882142,NA,NA
"TUR","Turkey","A","Annual","PCT","Percentage of employees with the right to bargain",1994,1994,21.4795227050781,NA,NA
"TUR","Turkey","A","Annual","PCT","Percentage of employees with the right to bargain",1995,1995,16.7356904817587,NA,NA
"TUR","Turkey","A","Annual","PCT","Percentage of employees with the right to bargain",1996,1996,15.6685578935772,NA,NA
"TUR","Turkey","A","Annual","PCT","Percentage of employees with the right to bargain",1997,1997,17.423193725573,NA,NA
"TUR","Turkey","A","Annual","PCT","Percentage of employees with the right to bargain",1998,1998,15.5610393287347,NA,NA
"TUR","Turkey","A","Annual","PCT","Percentage of employees with the right to bargain",1999,1999,13.2771985494107,NA,NA
"TUR","Turkey","A","Annual","PCT","Percentage of employees with the right to bargain",2000,2000,12.5596886803251,NA,NA
"TUR","Turkey","A","Annual","PCT","Percentage of employees with the right to bargain",2001,2001,12.4533321831715,NA,NA
"TUR","Turkey","A","Annual","PCT","Percentage of employees with the right to bargain",2002,2002,11.8750957854406,NA,NA
"TUR","Turkey","A","Annual","PCT","Percentage of employees with the right to bargain",2003,2003,11.2341359241528,NA,NA
"TUR","Turkey","A","Annual","PCT","Percentage of employees with the right to bargain",2004,2004,10.3986304235961,NA,NA
"TUR","Turkey","A","Annual","PCT","Percentage of employees with the right to bargain",2005,2005,10.2619408726234,NA,NA
"TUR","Turkey","A","Annual","PCT","Percentage of employees with the right to bargain",2006,2006,9.37374692249359,NA,NA
"TUR","Turkey","A","Annual","PCT","Percentage of employees with the right to bargain",2007,2007,8.28473780037531,NA,NA
"TUR","Turkey","A","Annual","PCT","Percentage of employees with the right to bargain",2008,2008,7.25759489077582,NA,NA
"TUR","Turkey","A","Annual","PCT","Percentage of employees with the right to bargain",2009,2009,7.71166136135657,NA,NA
"TUR","Turkey","A","Annual","PCT","Percentage of employees with the right to bargain",2010,2010,7.00136717280132,NA,NA
"TUR","Turkey","A","Annual","PCT","Percentage of employees with the right to bargain",2011,2011,5.61774100600971,NA,NA
"TUR","Turkey","A","Annual","PCT","Percentage of employees with the right to bargain",2012,2012,5.40139670709079,NA,NA
"TUR","Turkey","A","Annual","PCT","Percentage of employees with the right to bargain",2013,2013,6.53619072851636,NA,NA
"TUR","Turkey","A","Annual","PCT","Percentage of employees with the right to bargain",2014,2014,6.63199816509935,NA,NA
"TUR","Turkey","A","Annual","PCT","Percentage of employees with the right to bargain",2015,2015,6.66053993101619,NA,NA
"TUR","Turkey","A","Annual","PCT","Percentage of employees with the right to bargain",2016,2016,7.02199587416194,NA,NA
"GBR","United Kingdom","A","Annual","PCT","Percentage of employees with the right to bargain",1960,1960,72.06,NA,NA
"GBR","United Kingdom","A","Annual","PCT","Percentage of employees with the right to bargain",1965,1965,72.29,NA,NA
"GBR","United Kingdom","A","Annual","PCT","Percentage of employees with the right to bargain",1970,1970,73.28,NA,NA
"GBR","United Kingdom","A","Annual","PCT","Percentage of employees with the right to bargain",1973,1973,72,NA,NA
"GBR","United Kingdom","A","Annual","PCT","Percentage of employees with the right to bargain",1975,1975,77.25,NA,NA
"GBR","United Kingdom","A","Annual","PCT","Percentage of employees with the right to bargain",1978,1978,70.025,NA,NA
"GBR","United Kingdom","A","Annual","PCT","Percentage of employees with the right to bargain",1980,1980,69,NA,NA
"GBR","United Kingdom","A","Annual","PCT","Percentage of employees with the right to bargain",1983,1983,67,NA,NA
"GBR","United Kingdom","A","Annual","PCT","Percentage of employees with the right to bargain",1985,1985,64,NA,NA
"GBR","United Kingdom","A","Annual","PCT","Percentage of employees with the right to bargain",1990,1990,47,NA,NA
"GBR","United Kingdom","A","Annual","PCT","Percentage of employees with the right to bargain",1994,1994,40,NA,NA
"GBR","United Kingdom","A","Annual","PCT","Percentage of employees with the right to bargain",1995,1995,36,NA,NA
"GBR","United Kingdom","A","Annual","PCT","Percentage of employees with the right to bargain",1996,1996,37,NA,NA
"GBR","United Kingdom","A","Annual","PCT","Percentage of employees with the right to bargain",1997,1997,36,NA,NA
"GBR","United Kingdom","A","Annual","PCT","Percentage of employees with the right to bargain",1998,1998,35.4,NA,NA
"GBR","United Kingdom","A","Annual","PCT","Percentage of employees with the right to bargain",1999,1999,36.1,NA,NA
"GBR","United Kingdom","A","Annual","PCT","Percentage of employees with the right to bargain",2000,2000,36.4,NA,NA
"GBR","United Kingdom","A","Annual","PCT","Percentage of employees with the right to bargain",2001,2001,35.5,NA,NA
"GBR","United Kingdom","A","Annual","PCT","Percentage of employees with the right to bargain",2002,2002,35.2,NA,NA
"GBR","United Kingdom","A","Annual","PCT","Percentage of employees with the right to bargain",2003,2003,35.5,NA,NA
"GBR","United Kingdom","A","Annual","PCT","Percentage of employees with the right to bargain",2004,2004,34.7,NA,NA
"GBR","United Kingdom","A","Annual","PCT","Percentage of employees with the right to bargain",2005,2005,34.9,NA,NA
"GBR","United Kingdom","A","Annual","PCT","Percentage of employees with the right to bargain",2006,2006,33.3,NA,NA
"GBR","United Kingdom","A","Annual","PCT","Percentage of employees with the right to bargain",2007,2007,34.6,NA,NA
"GBR","United Kingdom","A","Annual","PCT","Percentage of employees with the right to bargain",2008,2008,33.6,NA,NA
"GBR","United Kingdom","A","Annual","PCT","Percentage of employees with the right to bargain",2009,2009,32.7,NA,NA
"GBR","United Kingdom","A","Annual","PCT","Percentage of employees with the right to bargain",2010,2010,30.9,NA,NA
"GBR","United Kingdom","A","Annual","PCT","Percentage of employees with the right to bargain",2011,2011,31.2,NA,NA
"GBR","United Kingdom","A","Annual","PCT","Percentage of employees with the right to bargain",2012,2012,29.3,NA,NA
"GBR","United Kingdom","A","Annual","PCT","Percentage of employees with the right to bargain",2013,2013,29.5,NA,NA
"GBR","United Kingdom","A","Annual","PCT","Percentage of employees with the right to bargain",2014,2014,27.5,NA,NA
"GBR","United Kingdom","A","Annual","PCT","Percentage of employees with the right to bargain",2015,2015,27.9,NA,NA
"GBR","United Kingdom","A","Annual","PCT","Percentage of employees with the right to bargain",2016,2016,26.3,NA,NA
"USA","United States","A","Annual","PCT","Percentage of employees with the right to bargain",1960,1960,34,NA,NA
"USA","United States","A","Annual","PCT","Percentage of employees with the right to bargain",1961,1961,33.6,NA,NA
"USA","United States","A","Annual","PCT","Percentage of employees with the right to bargain",1962,1962,33.2,NA,NA
"USA","United States","A","Annual","PCT","Percentage of employees with the right to bargain",1963,1963,32.8,NA,NA
"USA","United States","A","Annual","PCT","Percentage of employees with the right to bargain",1964,1964,32.4,NA,NA
"USA","United States","A","Annual","PCT","Percentage of employees with the right to bargain",1965,1965,32,NA,NA
"USA","United States","A","Annual","PCT","Percentage of employees with the right to bargain",1966,1966,31.6,NA,NA
"USA","United States","A","Annual","PCT","Percentage of employees with the right to bargain",1967,1967,31.2,NA,NA
"USA","United States","A","Annual","PCT","Percentage of employees with the right to bargain",1968,1968,30.8,NA,NA
"USA","United States","A","Annual","PCT","Percentage of employees with the right to bargain",1969,1969,30.4,NA,NA
"USA","United States","A","Annual","PCT","Percentage of employees with the right to bargain",1970,1970,30,NA,NA
"USA","United States","A","Annual","PCT","Percentage of employees with the right to bargain",1971,1971,29.3,NA,NA
"USA","United States","A","Annual","PCT","Percentage of employees with the right to bargain",1972,1972,28.5,NA,NA
"USA","United States","A","Annual","PCT","Percentage of employees with the right to bargain",1973,1973,27.8,NA,NA
"USA","United States","A","Annual","PCT","Percentage of employees with the right to bargain",1974,1974,27,NA,NA
"USA","United States","A","Annual","PCT","Percentage of employees with the right to bargain",1975,1975,26,NA,NA
"USA","United States","A","Annual","PCT","Percentage of employees with the right to bargain",1976,1976,26,NA,NA
"USA","United States","A","Annual","PCT","Percentage of employees with the right to bargain",1977,1977,25.7954513874581,NA,NA
"USA","United States","A","Annual","PCT","Percentage of employees with the right to bargain",1978,1978,25.1100582539591,NA,NA
"USA","United States","A","Annual","PCT","Percentage of employees with the right to bargain",1979,1979,26.2503604669913,NA,NA
"USA","United States","A","Annual","PCT","Percentage of employees with the right to bargain",1980,1980,25.0066287010247,NA,NA
"USA","United States","A","Annual","PCT","Percentage of employees with the right to bargain",1981,1981,23.5526680859831,NA,NA
"USA","United States","A","Annual","PCT","Percentage of employees with the right to bargain",1982,1982,23.3232974212408,NA,NA
"USA","United States","A","Annual","PCT","Percentage of employees with the right to bargain",1983,1983,23.3,NA,NA
"USA","United States","A","Annual","PCT","Percentage of employees with the right to bargain",1984,1984,21.6,NA,NA
"USA","United States","A","Annual","PCT","Percentage of employees with the right to bargain",1985,1985,20.5,NA,NA
"USA","United States","A","Annual","PCT","Percentage of employees with the right to bargain",1986,1986,19.9,NA,NA
"USA","United States","A","Annual","PCT","Percentage of employees with the right to bargain",1987,1987,19.2,NA,NA
"USA","United States","A","Annual","PCT","Percentage of employees with the right to bargain",1988,1988,19,NA,NA
"USA","United States","A","Annual","PCT","Percentage of employees with the right to bargain",1989,1989,18.6,NA,NA
"USA","United States","A","Annual","PCT","Percentage of employees with the right to bargain",1990,1990,18.2,NA,NA
"USA","United States","A","Annual","PCT","Percentage of employees with the right to bargain",1991,1991,18.1,NA,NA
"USA","United States","A","Annual","PCT","Percentage of employees with the right to bargain",1992,1992,17.7,NA,NA
"USA","United States","A","Annual","PCT","Percentage of employees with the right to bargain",1993,1993,17.6,NA,NA
"USA","United States","A","Annual","PCT","Percentage of employees with the right to bargain",1994,1994,17.5,NA,NA
"USA","United States","A","Annual","PCT","Percentage of employees with the right to bargain",1995,1995,16.7,NA,NA
"USA","United States","A","Annual","PCT","Percentage of employees with the right to bargain",1996,1996,16.2,NA,NA
"USA","United States","A","Annual","PCT","Percentage of employees with the right to bargain",1997,1997,15.6,NA,NA
"USA","United States","A","Annual","PCT","Percentage of employees with the right to bargain",1998,1998,15.4,NA,NA
"USA","United States","A","Annual","PCT","Percentage of employees with the right to bargain",1999,1999,15.3,NA,NA
"USA","United States","A","Annual","PCT","Percentage of employees with the right to bargain",2000,2000,14.9,NA,NA
"USA","United States","A","Annual","PCT","Percentage of employees with the right to bargain",2001,2001,14.7,NA,NA
"USA","United States","A","Annual","PCT","Percentage of employees with the right to bargain",2002,2002,14.5,NA,NA
"USA","United States","A","Annual","PCT","Percentage of employees with the right to bargain",2003,2003,14.3,NA,NA
"USA","United States","A","Annual","PCT","Percentage of employees with the right to bargain",2004,2004,13.8,NA,NA
"USA","United States","A","Annual","PCT","Percentage of employees with the right to bargain",2005,2005,13.7,NA,NA
"USA","United States","A","Annual","PCT","Percentage of employees with the right to bargain",2006,2006,13.1,NA,NA
"USA","United States","A","Annual","PCT","Percentage of employees with the right to bargain",2007,2007,13.3,NA,NA
"USA","United States","A","Annual","PCT","Percentage of employees with the right to bargain",2008,2008,13.7,NA,NA
"USA","United States","A","Annual","PCT","Percentage of employees with the right to bargain",2009,2009,13.6,NA,NA
"USA","United States","A","Annual","PCT","Percentage of employees with the right to bargain",2010,2010,13.1,NA,NA
"USA","United States","A","Annual","PCT","Percentage of employees with the right to bargain",2011,2011,13,NA,NA
"USA","United States","A","Annual","PCT","Percentage of employees with the right to bargain",2012,2012,12.5,NA,NA
"USA","United States","A","Annual","PCT","Percentage of employees with the right to bargain",2013,2013,12.4,NA,NA
"USA","United States","A","Annual","PCT","Percentage of employees with the right to bargain",2014,2014,12.3,NA,NA
"USA","United States","A","Annual","PCT","Percentage of employees with the right to bargain",2015,2015,12.3,NA,NA
"USA","United States","A","Annual","PCT","Percentage of employees with the right to bargain",2016,2016,12,NA,NA
"CHL","Chile","A","Annual","PCT","Percentage of employees with the right to bargain",2009,2009,17.0013152558266,NA,NA
"CHL","Chile","A","Annual","PCT","Percentage of employees with the right to bargain",2010,2010,16.211223635932,NA,NA
"CHL","Chile","A","Annual","PCT","Percentage of employees with the right to bargain",2011,2011,16.8650024401353,NA,NA
"CHL","Chile","A","Annual","PCT","Percentage of employees with the right to bargain",2012,2012,17.822363889887,NA,NA
"CHL","Chile","A","Annual","PCT","Percentage of employees with the right to bargain",2013,2013,18.4198300929575,NA,NA
"CHL","Chile","A","Annual","PCT","Percentage of employees with the right to bargain",2014,2014,19.3305778008859,NA,NA
"CHL","Chile","A","Annual","PCT","Percentage of employees with the right to bargain",2015,2015,20.0924512277433,NA,NA
"CHL","Chile","A","Annual","PCT","Percentage of employees with the right to bargain",2016,2016,20.86490557988,NA,NA
"EST","Estonia","A","Annual","PCT","Percentage of employees with the right to bargain",2001,2001,28,NA,NA
"EST","Estonia","A","Annual","PCT","Percentage of employees with the right to bargain",2003,2003,28,NA,NA
"EST","Estonia","A","Annual","PCT","Percentage of employees with the right to bargain",2004,2004,28,NA,NA
"EST","Estonia","A","Annual","PCT","Percentage of employees with the right to bargain",2007,2007,25,NA,NA
"EST","Estonia","A","Annual","PCT","Percentage of employees with the right to bargain",2009,2009,24,NA,NA
"EST","Estonia","A","Annual","PCT","Percentage of employees with the right to bargain",2011,2011,22.8725819634911,NA,NA
"EST","Estonia","A","Annual","PCT","Percentage of employees with the right to bargain",2012,2012,23,NA,NA
"EST","Estonia","A","Annual","PCT","Percentage of employees with the right to bargain",2015,2015,18.6,NA,NA
"ISR","Israel","A","Annual","PCT","Percentage of employees with the right to bargain",1982,1982,82,NA,NA
"ISR","Israel","A","Annual","PCT","Percentage of employees with the right to bargain",2000,2000,56.1,NA,NA
"ISR","Israel","A","Annual","PCT","Percentage of employees with the right to bargain",2007,2007,45,NA,NA
"ISR","Israel","A","Annual","PCT","Percentage of employees with the right to bargain",2012,2012,26.1,NA,NA
"LVA","Latvia","A","Annual","PCT","Percentage of employees with the right to bargain",2002,2002,18,NA,NA
"LVA","Latvia","A","Annual","PCT","Percentage of employees with the right to bargain",2005,2005,15,NA,NA
"LVA","Latvia","A","Annual","PCT","Percentage of employees with the right to bargain",2007,2007,21.5,NA,NA
"LVA","Latvia","A","Annual","PCT","Percentage of employees with the right to bargain",2009,2009,20.6693207265489,NA,NA
"LVA","Latvia","A","Annual","PCT","Percentage of employees with the right to bargain",2010,2010,20.3612697569398,NA,NA
"LVA","Latvia","A","Annual","PCT","Percentage of employees with the right to bargain",2011,2011,19.7682791123912,NA,NA
"LVA","Latvia","A","Annual","PCT","Percentage of employees with the right to bargain",2012,2012,19.3525527460138,NA,NA
"LVA","Latvia","A","Annual","PCT","Percentage of employees with the right to bargain",2013,2013,15.3271973938071,NA,NA
"LVA","Latvia","A","Annual","PCT","Percentage of employees with the right to bargain",2014,2014,15.2709844394031,NA,NA
"LVA","Latvia","A","Annual","PCT","Percentage of employees with the right to bargain",2015,2015,14.8498451518151,NA,NA
"LVA","Latvia","A","Annual","PCT","Percentage of employees with the right to bargain",2016,2016,13.7501204741864,NA,NA
"LTU","Lithuania","A","Annual","PCT","Percentage of employees with the right to bargain",2002,2002,15,NA,NA
"LTU","Lithuania","A","Annual","PCT","Percentage of employees with the right to bargain",2003,2003,14.9582617657162,NA,NA
"LTU","Lithuania","A","Annual","PCT","Percentage of employees with the right to bargain",2006,2006,10.7292193559265,NA,NA
"LTU","Lithuania","A","Annual","PCT","Percentage of employees with the right to bargain",2007,2007,10.2007902588501,NA,NA
"LTU","Lithuania","A","Annual","PCT","Percentage of employees with the right to bargain",2008,2008,9.74849254205014,NA,NA
"LTU","Lithuania","A","Annual","PCT","Percentage of employees with the right to bargain",2009,2009,10.9468782338738,NA,NA
"LTU","Lithuania","A","Annual","PCT","Percentage of employees with the right to bargain",2010,2010,11.1384892086331,NA,NA
"LTU","Lithuania","A","Annual","PCT","Percentage of employees with the right to bargain",2011,2011,10.6879014989293,NA,NA
"LTU","Lithuania","A","Annual","PCT","Percentage of employees with the right to bargain",2012,2012,9.91715872036662,NA,NA
"LTU","Lithuania","A","Annual","PCT","Percentage of employees with the right to bargain",2015,2015,7.05,NA,NA
"SVN","Slovenia","A","Annual","PCT","Percentage of employees with the right to bargain",1990,1990,100,NA,NA
"SVN","Slovenia","A","Annual","PCT","Percentage of employees with the right to bargain",1991,1991,100,NA,NA
"SVN","Slovenia","A","Annual","PCT","Percentage of employees with the right to bargain",1992,1992,100,NA,NA
"SVN","Slovenia","A","Annual","PCT","Percentage of employees with the right to bargain",1993,1993,100,NA,NA
"SVN","Slovenia","A","Annual","PCT","Percentage of employees with the right to bargain",1994,1994,100,NA,NA
"SVN","Slovenia","A","Annual","PCT","Percentage of employees with the right to bargain",1995,1995,100,NA,NA
"SVN","Slovenia","A","Annual","PCT","Percentage of employees with the right to bargain",1996,1996,100,NA,NA
"SVN","Slovenia","A","Annual","PCT","Percentage of employees with the right to bargain",1997,1997,100,NA,NA
"SVN","Slovenia","A","Annual","PCT","Percentage of employees with the right to bargain",1998,1998,100,NA,NA
"SVN","Slovenia","A","Annual","PCT","Percentage of employees with the right to bargain",1999,1999,100,NA,NA
"SVN","Slovenia","A","Annual","PCT","Percentage of employees with the right to bargain",2000,2000,100,NA,NA
"SVN","Slovenia","A","Annual","PCT","Percentage of employees with the right to bargain",2001,2001,100,NA,NA
"SVN","Slovenia","A","Annual","PCT","Percentage of employees with the right to bargain",2002,2002,100,NA,NA
"SVN","Slovenia","A","Annual","PCT","Percentage of employees with the right to bargain",2003,2003,100,NA,NA
"SVN","Slovenia","A","Annual","PCT","Percentage of employees with the right to bargain",2004,2004,100,NA,NA
"SVN","Slovenia","A","Annual","PCT","Percentage of employees with the right to bargain",2005,2005,100,NA,NA
"SVN","Slovenia","A","Annual","PCT","Percentage of employees with the right to bargain",2006,2006,96,NA,NA
"SVN","Slovenia","A","Annual","PCT","Percentage of employees with the right to bargain",2007,2007,94,NA,NA
"SVN","Slovenia","A","Annual","PCT","Percentage of employees with the right to bargain",2008,2008,92,NA,NA
"SVN","Slovenia","A","Annual","PCT","Percentage of employees with the right to bargain",2009,2009,92,NA,NA
"SVN","Slovenia","A","Annual","PCT","Percentage of employees with the right to bargain",2010,2010,80,NA,NA
"SVN","Slovenia","A","Annual","PCT","Percentage of employees with the right to bargain",2011,2011,75,NA,NA
"SVN","Slovenia","A","Annual","PCT","Percentage of employees with the right to bargain",2012,2012,70,NA,NA
"SVN","Slovenia","A","Annual","PCT","Percentage of employees with the right to bargain",2013,2013,65,NA,NA
"SVN","Slovenia","A","Annual","PCT","Percentage of employees with the right to bargain",2014,2014,65,NA,NA
"SVN","Slovenia","A","Annual","PCT","Percentage of employees with the right to bargain",2015,2015,65,NA,NA
